nome,logradouro,numero,bairro,cep,cod_municipio,co_cnes,latitude,longitude,telefone
HOSPITAL SANCTA MAGGIORE,RUA JUAGUARIBE,144,VILA BUARQUE,01224000,355030,9131434,-23.541447,-46.6515815,40859000
HOSPITAL SANTA EDWIGES,AV SAO JOSE DOS CAMPOS,256,JD NOVA EUROPA,13040145,350950,7598211,-22.9346013,-47.05498030000001,
HOSPITAL GERAL DE CARAPICUIBA,RUA DA PEDREIRA,95,PARQUE JOSE ALEX AND,06321665,351060,2792168,-23.5341611,-46.83035318652958,(11) 4185-7600
HOSPITAL KATIA DE SOUZA RODRIGUES TAIPASSP SAO PAULO,AV ELISIO TEIXEIRA LEITE,6999,PARADA DE TAIPAS,02810000,355030,2082225,-23.476901,-46.729302,(11) 3973-0416
HOSPITAL DE TRANSP DO EST DE SP EURYCLIDES DE JESUS ZERBINI,AV BRIGADEIRO LUIZ ANTONIO,2651,JARDIM PAULISTA,01401901,355030,2088576,-23.561603,-46.688405,(11) 3170-6329
SANTA CASA DE SAO PAULO HOSPITAL CENTRAL SAO PAULO,RUA DR CESARIO MOTA JUNIOR,112,VILA BUARQUE,01221020,355030,2688689,-23.5431724,-46.64990518769836,(11) 2176-7000
HOSP MUN FERNANDO MAURO PIRES DA ROCHA,ESTRADA DE ITAPECERICA,1661,CAMPO LIMPO,05835005,355030,2786680,-23.532900,-46.759682,(11)33947460
HOSPITAL SAGRADA FAMILIA,RUA ARAPOCA,128,VILA FORMOSA,03362000,355030,9490604,-23.5651605,-46.5422197,(11)4380-8010
HOSPITAL DE CAMPANHA COVID 19 OSASCO,AV GETULIO VARGAS,889,PIRATININGA,06233020,353440,0105597,-23.51362765,-46.788874412861276,11 2183-8600
HOSPITAL E MATERNIDADE GUARULHOS HAPVIDA,TIRADENTES,1015,JARDIM GUARULHOS,07090000,351880,9255826,-23.4625421,-46.5257149,11 31552000
COMPLEXO HOSPITALAR DE CLINICAS,RUA SAO PAULO,1840,STA PAULA,09540430,354880,2082594,-23.6222179,-46.5634275,(11)42288000
HOSPITAL IMACULADA CONCEICAO,DOM JOSE GASPAR,1374,VILA ASSIS BRASIL,09370670,352940,2751747,-23.685972,-46.460344,112198 8300
ATPN HOSPITAL DE CAMPANHA DE MAUA,AVENIDA JOAO RAMALHO,245,VILA NOEMIA,09371520,352940,0119172,-23.6641999,-46.4851305,1145127500
HOSPITAL DE CAMPANHA COVID 19 CARLOS LOURENCO,RUA PRAIA DA ENSEADA,S/N,JD CARLOS LOURENCO,13100678,350950,0197831,-22.9225783,-47.0274248,
HOSPITAL UNIVERSITARIO DA USP SAO PAULO,AV PROF LINEU PRESTES,2565,BUTANTA,05580000,355030,2076926,-23.56491995,-46.74095019191067,(11) 3091-9316
HOSP MUN JOSANIAS CASTANHA BRAGA,RUA EUZEBIO COGHI,841,JARDIM ROSCHEL,04883290,355030,9465464,-23.8264629,-46.7305962,
HOSPITAL SAINT PETER,RUA ESTADO DE ISRAEL,747,VILA CLEMENTINO,04022002,355030,7602227,-23.5942953,-46.6469183,59048100
HOSPITAL BDW SP,AVENIDA DOS BANDEIRANTES,679,VILA OLIMPIA,04553010,355030,2879441,-23.6247151,-46.6496457,(51)3500-8959
IMPAR SERVICOS HOSPITALARES FILIAL SANTA PAULA,STO AMARO,2468,BROOKLIN PAULISTA,04556901,355030,0255661,-23.642519237618252,-46.69983923435211,11 31479999
HOSPITAL NEUROCENTER,RUA OTAVIANO NUNES DA SILVA,223,VILA MOREIRA,07021001,351880,9149511,-23.47288,-46.54030,1124616161
HOSPITAL SAO PEDRO BRAGANCA,RUA EUNICE FERRAZ FERNANDES,151,JARDIM DO LAGO,12914500,350760,9136754,,,31950850
UNION CLINICA MEDICA E LABORATORIOS EIRELLI,RUA EUNICE FERRAZ FERNANDES,151,JARDIM DO LAGO,12914500,350760,9348832,,,3195-0850
SANTA MARCELINA SAUDE SAO BERNARDO DO CAMPO,AVENIDA WINSTON CHURCHILL,151,RUDGE RAMOS,09613000,354870,9768688,-23.67084,-46.56615,43369100
HOSPITAL SANTA ELISA,RUA SOCRATES FERNANDES DE OLIVEIRA,70,CHACARA URBANA,13201838,352590,2078759,-23.18277435,-46.8922242577304,(11)45834444
HOSPITAL DE CAMPANHA,RUA SANTA RITA DE CASSIA,173,VILA JAPAO,08599010,352310,0678899,-23.46828520085324,-46.34809970855713,
HOSPITAL E PRONTO SOCORRO PORTINARI,PRACA GENERAL GUIMARAES,77,VILA JAGUARA,05114110,355030,2823209,-23.5084516,-46.7511716,
HOSPITAL JAPONES SANTA CRUZ,R SANTA CRUZ,398,VILA MARIANA,04122000,355030,2082624,-23.5969409,-46.6327828,(11)50802000
HOSP DA STA CASA DE STO AMARO,RUA ISABEL SCHMIDT,59,SANTO AMARO,04743030,355030,2075962,-23.6502,-46.7052,(11)55258700
HOSPITAL PROFESSORA LYDIA STOROPOLI,VERGUEIRO,235,LIBERDADE,01504001,355030,7252455,-23.564142168837957,-46.638998293087816,11 33859122
HOSPITAL DI THIENE SAO CAETANO LTDA,JAYME DA COSTA PATRAO,30,SANTO ANTONIO,09510115,354880,4051297,-23.6170372,-46.572021,11 21411800
CASA DE SAUDE,RUA SETE DE SETEMBRO,3033,VIL NERY,13560181,354890,2078864,-22.0158679,-47.8818984,(16)3373-2455
HOSPITAL E MATERNIDADE RENASCENCA,RUA PEDRO FIORETTI,S/N,VILA REGINA,06013070,353440,2078171,,,(11)3651-7550
CENTRO DE TRIAGEM COVID SAO CARLOS,RUA ERNESTO GONCALVES ROSA JUNIOR,S/N,VILA ISABEL,13560970,354890,0420964,-22.0339196,-47.8770415,1633621350
HOSPITAL MODELO SOROCABA,RUA AFONSO PEDRAZZI,180,TRUJILO,18060450,355220,2082101,-23.4934077846234,-47.47414469718933,(15) 3212-7600
HOSP MUN PROF DR WALDOMIRO DE PAULA,RUA AUGUSTO CARLOS BAUMANN,1074,ITAQUERA,08210590,355030,2077639,-23.531008907906077,-46.4448818564415,(11)51780500
HOSPITAL DE CAMPANHA COVID EMBU DAS ARTES,RUA POCOS DE CALDAS,66,JD DOM JOSE,06823310,351500,0621110,-23.675069,-46.8041017,
HOSPITAL ESPORTE E SAUDE BR SURGERY,RUA FAGUNDES FILHO,475,VILA MONTE ALEGRE,04304010,355030,0507733,-23.6265,-46.6293,11 4369-4300
UNIDADE HOSPITALAR SANTO AMARO,AV ADOLFO PINHEIRO,339,SANTO AMARO,04753060,355030,0664200,-23.3253,-46.3810,11 55556767
HOSPITAL BOM CLIMA,AVN MARIANA UBALDINA DO ESPIRITO STO,654,BOM CLIMA,07197000,351880,2718324,-23.463029813324596,-46.532957553863525,(11)24724200
COMPLEXO HOSPITALAR SANTA CASA BRAGANCA PAULISTA,RUA CEL ASSIS GONCALVES,700,CENTRO,12900480,350760,2688433,-22.95122205,-46.54306555363594,(11) 44818016
COMPLEXO HOSPITALAR PAULISTA,RUA ANTONIO CARLOS,122,CERQUEIRA CESAR,01309010,355030,3019934,,,(11)32536000
HOSPITAL UNIMED DE ARACATUBA,GASPAR LEMOS,02,PANORAMA,16013800,350280,3366219,-21.2305644,-50.4169753,18 36361300
HOSP E MAT STO EXPEDITO,RUA TOMOICHI SHIMIZU,201,ITAQUERA,08260140,355030,3585409,-23.5774087,-46.439653,(11)65217799
HOSPITAL CENTRAL SUL,ESTRADA DE ITAPECERICA,4659,CAPAO REDONDO,05858001,355030,2819473,-23.660140220298118,-46.77275776863098,(11) 5510-7780
HOSPITAL DOM PEDRO,AVENIDA ALCANTARA MACHADO,60,BRAS,03102000,355030,3919072,-23.4853109,-46.3027334,3278.0010
HOSPITAL ESTADUAL DE CAMPANHA COVID 19 SOROCABA,RUA GUSTAVO TEIXEIRA,S/N,VILA INDEPENDENCIA,18040323,355220,0675857,-23.1825,-47.1622,(15) 33210170
HOSPITAL E MATERNIDADE NOTRECARE ABC,PEREIRA BARRETO,846,BAETA NEVES,09751000,354870,9738754,-23.6925253,-46.5485423,1143367800
HOSPITAL SAMARITANO UNIDADE II,SAO JOSE DOS CAMPOS,256,JARDIM NOVA EUROPA,13040145,350950,9806342,-22.931821,-47.057067,19 37361199
UPH ZONA LESTE UNIDADE DE ATENDIMENTO DE SINDROME GRIPAL,RUA CORONEL NOGUEIRA PADILHA,2567,VILA HORTENCIA,18020003,355220,0792063,-23.5090511,-47.4908614,15 3333-0100
NOVA VIDA,CAROLINA DE ABREU PAULINO,66,VILA SAO FRANCISCO,06654140,352250,9769641,-23.541622247140015,-46.9266414642334,11 31552000
HOSPITAL BP,MAESTRO CARDIM,769,LIBERDADE,01323900,355030,2080575,-23.56749975,-46.641542462413426,
HOSPITAL MUNICIPAL ANTONIO GIGLIO,RUA PEDRO FIORETTI,48,CENTRO,06013070,353440,0008028,-23.53232235,-46.77712772881206,(11)2183-9333
HOSPITAL ESTADUAL COVID 19 BARRADAS,AV ALMIRANTE DELAMARE,1534,CIDADE NOVA HELIOPOL,04230000,355030,0127876,-23.548,-46.636,(11) 2065-1550
HOSPITAL DE CAMPANHA COVID 19 FERRAZ DE VASCONCELOS,RUA DA SAUDADE,196,JD SANTA ROSA,08529150,351570,0117749,-23.5453399,-46.3774728,
HOSPITAL DE CAMPANHA COVID 19 CAMPINAS,AVENIDA DAS AMOREIRAS,906,PARQUE ITALIA,13036225,350950,0145963,-22.916727216038947,-47.07123935222626,1937725700
HOSPITAL SEPACO,VERGUEIRO,4210,VILA MARIANA,04102900,355030,2089602,-23.595081655849,-46.627470552921295,
HOSPITAL PREVINA,RAIMUNDO PEREIRA DE MAGALHAES,12367,JARDIM MARILU,02989095,355030,2032236,-23.43473311586102,-46.72010249871538,11 39445400
HOSPITAL MUNICIPAL GUARAPIRANGA,ESTRADA DA RIVIERA,4742,RIVIERA PAULISTA,04916000,355030,0161438,-23.705922,-46.741949,(11) 3113-9592
HOSPITAL DE OLHOS BRAGANCA,RUA DO CAMPO,340,JARDIM SAO JOSE,12916330,350760,7101090,-22.97511875,-46.5363823421586,2277-4111
MONTE CRISTO HOSPITAL DE MULTI ESPECIALIDADES,DA SAUDADE,218,CIDADE MAE DO CEU,03323050,355030,4077164,-23.36,-46.36,11 33363434
AMESP HOSP JARAGUA,AVN JURITI,73,MOEMA,04520000,355030,2052563,,,
HOSP MUN GILSON DE CASSIA MARQUES DE CARVALHO,AVENIDA SANTA CATARINA,2785,VILA MASCOTE,04378200,355030,7711980,-23.65718,-46.65380,
HOSPITAL CANTAREIRA,AV NOVA CANTAREIRA,3050,TUCURUVI,02340000,355030,2078570,-23.4727762,-46.6156307,(11)22033222
HOSPITAL GERAL DO GRAJAU PROF LIBER JOHN ALPHONSE DI DIO SP,RUA FRANCISCO OTAVIO PACCA,180,PARQUE DAS NACOES,04822030,355030,2077671,-23.7290263,-46.69084525693708,(11) 3544-9444 R:322
HOSPITAL VILLA LOBOS,RUA LITUANIA,260,MOOCA,03184020,355030,5590450,-23.5632883,-46.589975305883385,(11) 2076-7005
SANTA CASA DE ARACATUBA HOSPITAL SAGRADO CORACAO DE JESUS,RUA FLORIANO PEIXOTO,896,VILA MENDONCA,16015000,350280,2078775,-21.2054396,-50.4309732,(18)3607-3000
HOSP MUN PROFESSOR DOUTOR ALIPIO CORREA NETTO,ALAMEDA RODRIGO DE BRUM,1989,VILA PARANAGUA,03807230,355030,2082829,-23.499698532780975,-46.47248401849497,(11)33948030
HOSP MONUMENTO CEHM,RUA LIMA E SILVA,985,IPIRANGA,04215020,355030,2077752,-23.594382,-46.5969403,(11)2915 2277
HOSP VASCO DA GAMA,R COIMBRA,620,BELENZINHO,03052030,355030,2821702,,,(11)66187970
HOSP MUN MATERNIDADE PROFESSOR MARIO DEGNI,RUA LUCAS DE LEYDE,257,VILA ANTONIO,05376010,355030,2075717,-23.578000,-46.765000,(11)33949330
HOSPITAL UNIVERSITARIO DA UFSCAR,LUIZ VAZ DE CAMOES,111,VILA CELINA,13566448,354890,5586348,-21.991951399999998,-47.88746656142425,61 32558365
HOSPITAL CORACAO DE JESUS,CORONEL ALFREDO FLAQUER,174,CENTRO,09020040,354780,2078988,-23.6659709,-46.5221283,(11)43308705
HOSPITAL E MATERNIDADE BENEFICENCIA PORTUGUESA,AVENIDA PORTUGAL,530,CENTRO,09040000,354780,2080133,-23.66021392271406,-46.53258740901947,(11)21985000
HOSPITAL ITATIBA,RODOVIA DAS ESTANCIAS,S/N,PONTE,13252901,352340,2080206,-22.965271990085018,-46.82379637381969,(11) 3408-7000
SANTA CASA DE MISERICORDIA DE ITATIBA,AVENIDA DA SAUDADE,43,CENTRO,13253000,352340,2023709,-23.007161,-46.833107,(11)4894-8899
HOSPITAL LEFORTE LIBERDADE,RUA GALVAO BUENO,257,LIBERDADE,01506000,355030,2077507,-23.5578849,-46.6350642,(11)33452000
HOSP MUN V NHOCUNE ALEXANDRE ZAIO,RUA ALVES MALDONADO,128,VILA NHOCUNE,03558050,355030,2080788,-23.54289567063579,-46.50231060314845,11 51780250
HOSPITAL UNIMED DE SOROCABA DR MIGUEL VILLA NOVA SOEIRO,RUA ANTONIA DIAS PETRI,135,PRQ SANTA ISABEL,18052210,355220,2708566,-23.5318623,-47.4968819,(15)3229-3000
CAMPINAS DAY HOSPITAL,AV BENJAMIN CONSTANT,1991,CAMBUI,13025005,350950,3109216,-22.900105,-47.053169,(19) 2127-2900
BARRAMED CASA DE APOIO,RUA PROFESSOR GIULIANI,202,VILA INVERNADA,03348030,355030,5715792,-23.56365,-46.56278,1123083405
HOSP MUN M BOI MIRIM,ESTRADA DO MBOI MIRIM,5203,JARDIM ANGELA,04948970,355030,5718368,-23.533394,-46.639973,11 32851184
HOSP DO SERV PUB MUNICIPAL HSPM,CASTRO ALVES,60,LIBERDADE,01532000,355030,2752077,-23.56676,-46.63902,
SANTA CASA DE MISERICORDIA DE FRANCISCO MORATO,DOS CRAVOS,230,BELEM CAPELA,07990050,351630,2083876,-23.27908135,-46.73910314220494,11 20297222
HOSPITAL SANTA TEREZA,RUA BERNARDINO DE CAMPOS,804,CENTRO,13010151,350950,2081938,-22.90433,-47.06216,19-37334333
HOSPITAL SAMARITANO DE CAMPINAS,ENGENHEIRO MONLEVADE,206,VILA JOAO JORGE,13041304,350950,2023148,-22.917530091099525,-47.05994190830304,19 37361199
HOSPITAL MEDICAMP INTERMEDICA,R CONEGO NERY,157,GUANABARA,13073180,350950,6674585,,,19-35129655
MANTIQUEIRA SERVICOS DE SAUDE SOCIEDADE COOPERATIVA,RUA EUNICE FERRAZ FERNANDES,151,JD DO LAGO,12914500,350760,7174446,,,
CENTRO HOSPITALAR DO SISTEMA PENITENCIARIO SAO PAULO,RUA DOM JOSE MAURICIO,15,CARANDIRU,02028000,355030,3001466,-23.50856675,-46.62010166358415,(11) 2221-2287
HOSPITAL SAO LUCAS RIBEIRAO PRETO,RUA BERNARDINO DE CAMPOS,1426,VILA SEIXAS,14015130,354340,2077973,-21.18867985,-47.804585975693655,(16)40090020
HOSPITAL SANTA HELENA SAO BERNARDO DO CAMPO,AVENIDA LUCAS NOGUEIRA GARCEZ,540,JARDIM DO MAR,09750660,354870,2083248,-23.6922593,-46.55504712704138,(21) 4122-8300
HOSPITAL VITORIA ANALIA FRANCO,AVENIDA VEREADOR ABEL FERREIRA,1900,CHACARA MAFALDA,03372015,355030,6668143,-23.56357,-46.56186,(11) 3581-1000
HOSP MUN DR CARMINO CARICCHIO,AV CELSO GARCIA,4815,TATUAPE,03063000,355030,2080346,-23.532472590434942,-46.566505856857695,(11) 33947001
INTERMEDICA HPS HOSPITAL PAULO SACRAMENTO,XV DE NOVEMBRO,865,CENTRO,13201905,352590,2078066,-23.189812277600037,-46.879136860370636,11 31551878
HOSP MUN JABAQUARA ARTUR RIBEIRO DE SABOYA,AVENIDA FRANCISCO DE PAULA QUINTANILHA RIBEIRO,860,JABAQUARA,04330902,355030,2081970,-23.6536386,-46.6450463,
HOSPITAL PITANGUEIRAS,PINTANGUEIRAS,651,VIANELO,13207270,352590,2078767,-23.187686998910493,-46.88522815704346,
HOSPITAL DAS CLINICAS DA UNICAMP DE CAMPINAS,RUA VITAL BRASIL,251,BARAO GERALDO,13024500,350950,2079798,-22.905965260395842,-47.06392765045166,(19)37888008
HERP,AV INDEPENDENCIA,4000,JARDIM CALIFORNIA,14026160,354340,3486346,-21.184835,-47.8043276,(16)39130004
HOSPITAL CASA DE SAUDE GUARULHOS,RUA DONA ANTONIA,636,GOPOUVA,07022000,351880,3461963,,,1124083555
HOSP MUN CARMEN PRUDENTE,AVENIDA DOS METALURGICOS,1797,CIDADE TIRADENTES,08471000,355030,5420938,-23.597169884348535,-46.40342500810171,
HOSP MUN IGNACIO PROENCA DE GOUVEA,JUVENTUS,562,PARQUE DA MOOCA,03124020,355030,2084473,-23.571696917589424,-46.5900993347168,1151780000
CENTRO MEDICO ARACATUBA HOSPITAL CENTRAL,RUA CONSELHEIRO OSCAR RODRIGUES ALVES,02,CENTRO,16010330,350280,7780745,-21.20837893406894,-50.44089317321777,(18) 2103-4500
HOSPITAL UNIMED RIBEIRAO PRETO,RUA ANGELO CHAGURI,105,CHACARAS OLHOS DAGUA,14029030,354340,7965192,-21.225839,-47.816255080128094,16 36052212
HOSPITAL DA LUZ 113,RUA AZEVEDO DE MACEDO,113,JARDIM ZAIRA,04013060,355030,3367371,-23.58113,-46.64037,(11) 2117-6000
HOSPITAL SAO CAETANO,RUA ESPIRITO SANTO,277,SANTO ANTONIO,09530700,354880,6938361,-23.6188199,-46.5732233,(11) 4228-8959
ASSOCIACAO DE AMPARO AO EXCEPCIONAL RITINHA PRATES,RUA WANDENKOLK,2606,PLANALTO,16075050,350280,2082675,-21.1868926,-50.46007583560079,(18)3117-3627
HOSPITAL ESTADUAL MARIO COVAS DE SANTO ANDRE,RUA DR HENRIQUE CALDERAZZO,321,PARAISO,09190615,354780,2080273,-23.670927,-46.532985052599216,(11) 2829-5118
HOSPITAL SAO LUCAS RIBEIRANIA,RUA CARLOS LUCAS EVANGELISTA,351,RIBEIRANIA,14096480,354340,5171946,-21.1989274,-47.7903704,(16)39683100
BP MIRANTE,RUA MARTINIANO DE CARVALHO,965,BELA VISTA,01321001,355030,6430120,-23.5674649,-46.6428538,
HOSPITAL REGIONAL DE JUNDIAI,RUA BENJAMIN CONSTANT,535,CENTRO,13201046,352590,7573162,-23.187647550262923,-46.88396215438843,011 45274700
CENTRO MEDICO DE CAMPINAS,RUA DR EDILBERTO LUIZ PEREIRA DA SILVA,929,CIDADE UNIVERSITARIA,13083190,350950,2079666,-22.80875,-47.06529,19 - 3789-5400
HOSPITAL MUNICIPAL DR BENEDITO MONTENEGRO,RUA ANTONIO LAZARO,226,JARDIM IVA,03921080,355030,2084139,-23.587669,-46.515984,11 51782762
HOSPITALIS,RUA CAMPOS SALES,1160,BOA VISTA,06411150,350570,3272591,-23.502909449999997,-46.87804559999999,(11)3883-3322
HOSPITAL MADRE THEODORA CAMPINAS,RUA JOSE GERALDO CEREBINO CHRISTOFARO,175,PARQUE RURAL FAZENDA,13087567,350950,2078678,-22.8405517,-47.0509566,(19) 3756-3025
HOSPITAL MORIAH,MOACI,974,PLANALTO PAULISTA,04083002,355030,7644167,-23.6150554,-46.6602402,11 50807800
HOSPITAL ALVORADA CHACARA FLORA,RUA GUILHERME ASBAHR NETO,438,JARDIM PRUDENCIA,04646001,355030,6032745,,,21850300
HOSPITAL SAO LUIZ SAO BERNARDO,AVENIDA JOAO FIRMINO,250,ASSUNCAO,09810250,354870,3024660,-23.7195991,-46.5613423,(11) 4344-8000
CLINICA RAUL GONZALEZ,RUA AMADEU AMARAL,661,VILA SEIXAS,14020050,354340,3030431,-21.187232808303737,-47.80323028564453,(16) 36100396
HOSPITAL DAS CLINICAS FAEPA RIBEIRAO PRETO,CAMPUS UNIVERSITARIO,S/N,MONTE ALEGRE,14048900,354340,2082187,-21.163272212877125,-47.85192847251892,016 36022135
HOSPITAL GERAL DE ITAPEVI,RUA JESUINO JOAQUIM DA SILVA,S/N,JARDIM NOVA ITAPEVI,06694230,352250,2078104,-23.546934,-46.933372,(11) 4143-8600
INSTITUTO DE INFECTOLOGIA EMILIO RIBAS,DR ARNALDO,165,SUMARE,01246900,355030,2028840,-23.555785146876342,-46.66719675064087,
INST CEMA DE OFTALMOLOGIA E OTORRINOLARINGOLOGIA,RUA PASCOAL MOREIRA,450,MOOCA,03117000,355030,2091550,-23.5628212,-46.5908971,
HOSPITAL GERAL DE ITAQUAQUECETUBA,RUA RIO NEGRO,48,JARDIM NOVA ITAQUA,08599280,352310,2078562,-23.47223075,-46.34569676605339,(11) 4645-4200
HOSPITAL REGIONAL DR VIVALDO MARTINS SIMOES OSASCO,RUA ARI BARROSO,355,PRESIDENTE ALTINO,06216240,353440,0008052,-23.5249302,-46.771938984518826,(11) 3683-3077
HOSPITAL GERAL DE VILA PENTEADO DR JOSE PANGELLA SAO PAULO,AV MINISTRO PETRONIO PORTELA,1642,JARDIM IRACEMA,02802120,355030,2091755,-23.489603600530224,-46.69821437627367,(11) 3976-9911 /3072
HOSPITAL SAO PAULO HOSPITAL DE ENSINO DA UNIFESP,NAPOLEAO DE BARROS,715,VL CLEMENTINA,04024002,355030,2077485,-23.5977766,-46.6435335,
UNIDADE DE GESTAO ASSISTENCIAL II HOSPITAL IPIRANGA SP,AVENIDA NAZARE,28,IPIRANGA,04262000,355030,2077523,-23.584332250000003,-46.611619331736186,(11) 2067-7949
HOSPITAL SANTA LUCINDA SOROCABA,RUA CLAUDIO MANOEL DA COSTA,57,JD VERGUEIRO,18030083,355220,2765942,-23.222121228084553,-47.26824223995209,(15) 3212-9900
SANTA CASA DE MISERICORDIA DE SAO BERNARDO DO CAMPO,AV ROBERT KENNEDY,2900,ASSUNCAO,09860214,354870,3223728,-23.715955435680254,-46.57426357269287,(11)4353-3300
HOSPITAL SAN GENNARO,PAES DE BARROS,1327,MOOCA,03115020,355030,5040787,-23.56538111937608,-46.594621539115906,
HOSP STA MARCELINA SAO PAULO,RUA SANTA MARCELINA,177,ITAQUERA,08270070,355030,2077477,-23.5543325,-46.461303314621325,(11)2070-6293
HOSP DA PENHA,RUA ARNALDO VALLARDI PORTILHO,90,PENHA,03632030,355030,2077442,,,(11)61905000
HOSP DA AERONAUTICA DE SPHASP,OLAVO FONTOURA,1400,SANTANA,02012021,355030,2078600,-23.513847,-46.644913,
HOSP MAT ARABE BRASILEIRO,RUA DOS BURITIS,180,JABAQUARA,04321000,355030,2089130,,,(11)50118145
CRIA CASA DE PARTO,RUA DOUTOR LOPES DE ALMEIDA,16,VILA MARIANA,04120070,355030,0414808,-23.5958821,-46.6319201,11998067090
HOSP MUN CAPELA DO SOCORRO,RUA CASSIO DE CAMPOS NOGUEIRA,2031,JARDIM DAS IMBUIAS,04829310,355030,7992890,-23.730753,-46.713639,5929-5960
CANTINHO DO CEU RIBEIRAO PRETO,RUA RIO VERDE,357,VILA ALBERTINA,14060190,354340,7615280,-21.1433482,-47.8119515,16 3622-0853
UPH ZONA NORTE UNIDADE DE ATENDIMENTO DE SINDROME GRIPAL,AVENIDA IPANEMA,490,VILA NOVA SOROCABA,18070671,355220,0665037,-23.4415153,-47.5331569,1532193190
HOSPITAL DE CAMPANHA COVID 19 SOROCABA,RODOVIA RAPOSO TAVARES,S/N,PARQUE RESERVA FAZEN,18052775,355220,0151882,-23.6008249,-47.0365535,15 57047018
HOSPITAL METROPOLITANO CAMPINAS,AV DAS AMOREIRAS,315,SAO BERNARDO,13036225,350950,2811626,-22.9166673,-47.0704116,(19)31142600
HOSPITAL DO SERV PUB EST FCO MORATO DE OLIVEIRA SAO PAULO,AVENIDA IBIRAPUERA,981,IBIRAPUERA,04029000,355030,2058502,-23.594245,-46.55134,(11) 4573-8500
HOSPITAL MONTEMAGNO,AVENIDA MONTEMAGNO,241,VILA FORMOSA,03371000,355030,6148956,-23.5629337,-46.5602834,11 20764000
HOSPITAL E MATERNIDADE SALVALUS,RUA BRESSER,1954,BRAS,03161160,355030,9554157,-23.5482653,-46.6024697,26622000
HOSPITAL ACACIAS,NATAL,61,SILVEIRA,09195310,354780,9335951,-23.66560918670865,-46.51636112209424,11 30907037
HOSP SACRECOEUR,RUA ANTONIO CARLOS,122,CONSOLACAO,01309010,355030,6859852,-23.548,-46.636,11 31709310
HOSPITAL DE CAMPANHA COVID 19 SMS SP PACAEMBU,PRACA CHARLES MILLER,0,PACAEMBU,01234010,355030,0102040,-23.557348,-46.656227,
COMPLEXO HOSPITALAR MUNICIPAL SOROCABANA,RUA FAUSTOLO,1633,LAPA,05041001,355030,0158119,-23.548,-46.636,
HOSPITAL PITANGUEIRAS,RUA DAS PITANGUEIRAS,651,JD PITANGUEIRAS,13206716,352590,5332346,-23.202124422430224,-46.883811950683594,(11)4587-2244
HOSPITAL SAINT PATRICK,AV CANDIDO PORTINARI,616,VILA JAGUARA,05114000,355030,0663913,-23.5083469,-46.7551251,
HEALTHCARE HOSPITAL DE TRANSICAO,RUA DR JAMBEIRO COSTA,57,LIBERDADE,01509030,355030,2991918,-23.5661752,-46.6379687,11 92022275
HOSPITAL YES,CAROLINA DE ABREU PAULINO,174,VILA SAO FRANCISCO,06654140,352250,9997032,-23.548389156248238,-46.931962966918945,11 36814681
MATERNIDADE SAO LUIZ STAR,RUA HELENA,29,VILA OLIMPIA,04552050,355030,0993956,-23.5312499,-46.8341173,(11) 2121-1335
COMPLEXO HOSPITALAR PREFEITO EDIVALDO ORSI,AV RUY RODRIGUES,3434,JARDIM YEDA,13060646,350950,6053858,-22.963634,-47.134447,37700000
HOSPITAL DE CAMPANHA COVID 19 HOSPITAL DE URGENCIA,RUA JOAQUIM NABUCO,380,CENTRO,09720375,354870,0105759,-23.715734422660287,-46.55452787876129,26306600
CASA DA CRIANCA BETINHO,RUA VACANGA,300,VIL CARRAO,03433020,355030,2076985,-23.5604021,-46.5324478,(11)67817366
HOSPITAL GERAL DE VILA NOVA CACHOEIRINHA SAO PAULO,AV DEPUTADO EMILIO CARLOS,3000,VILA NOVA CACHOEIRIN,02720200,355030,2688573,-23.518355654806772,-46.849622498918414,(11) 3859-4822
HOSPITAL ESTADUAL DE SAPOPEMBA SAO PAULO,RUA MANOEL FRANCA DOS SANTOS,174,JARDIM SAPOPEMBA,03975130,355030,2091585,-23.611336,-46.493671,(11) 2014-6000
HOSPITAL E MATERNIDADE CELSO PIERRO,AV JOHN BOYD DUNLOP,S/N,JD IPAUSSURAMA,13060904,350950,2082128,-22.920660,-47.119480,(19)33438441
MATERNIDADE DE CAMPINAS,OROSIMBO MAIA,165,CENTRO,13023910,350950,2022621,-22.89936,-47.06323,
HOSPITAL LOCAL DE SAPOPEMBA,RUA IAMACARU,45,PARQUE SANTA MADALEN,03982060,355030,5437156,-23.5794516,-46.6493423,(11)20247510
HOSPITAL GERAL SANTA MARCELINA DE ITAIM PAULISTA SAO PAULO,AV MARECHAL TITO,6035,ITAIM PAULISTA,08115100,355030,2077620,-23.49242315,-46.388981372853074,(11) 2563-6302
REAL SOCIEDADE PORTUGUESA DE BENEFICENCIA,ONZE DE AGOSTO,557,BOTAFOGO,13013101,350950,2078465,-22.90389726611453,-47.06799924373627,019 32312411
HOSPITAL MUNICIPAL DR MARIO GATTI CAMPINAS,AV PREFEITO FARIA LIMA,340,PQ ITALIA,13036902,350950,2081490,-22.916440,-47.067854,(19)37725700
HOSPITAL IRMAOS PENTEADO E SANTA CASA DE CAMPINAS,BENJAMIN CONSTANT,1657,CENTRO,13010142,350950,2022648,-22.901269,-47.056181,
HOSPITAL SAO MIGUEL UNIDADE SAO MIGUEL PAULISTA,RUA DOUTOR LUIZ PICOLLO,11,SAO MIGUEL PAULISTA,08010320,355030,2078619,-23.56740938662886,-46.57057285308838,1127140100
HOSPITAL E MATERNIDADE SANTA MARIA CRUZ AZUL,LINS DE VASCONCELOS,356,CAMBUCI,01538900,355030,2078589,-23.5659259,-46.6221639,
HOSP MAT STA MARTA,RUA DR ANTONIO BENTO,104,SANTO AMARO,04750000,355030,2089556,,,(11)2467044
HOSP MAT V CARRAO,AVN CONS CARRAO,2885,VIL CARRAO,03403002,355030,2063328,,,(11)2935544
HOSPITAL SAO LUIZ JABAQUARA,RUA DAS PEROBAS,344,JABAQUARA,04321120,355030,2089599,-23.6436999,-46.6428989,(11) 5018-4000
HOSP PS NOVA IGUATEMI,AVENIDA RAGUEB CHOHFI,3315,SAO MATEUS,08375000,355030,2089661,-23.5944957,-46.4475548,(11) 2731-6732
HOSP SAO CONRADO,AV BRIGADEIRO LUIS ANTONIO,4677,JD PAULISTA,01401002,355030,2081008,,,(11)30567711
HOSPITAL SANTA CATARINA,PAULISTA,200,BELA VISTA,01310000,355030,2688603,-23.56956825,-46.64540597982008,
HOSP STA MAGGIORE BELA VISTA,RUA HUMAITA,409,BELA VISTA,01321010,355030,2084341,,,(11)31078042
HOSP STA VIRGINIA,CELSO GARCIA,2294,BELEM,03014000,355030,2078457,-23.5368617,-46.590177100000005,11 27993171
HOSPITAL SAO CAETANO,RUA ESPIRITO SANTO,277,STO ANTONIO,09530905,354880,2081679,,,(11)42248000
HOSPITAL UNIMED SAO CARLOS,RUA DONA ALEXANDRINA,1683,CENTRO,13560290,354890,2083299,-22.0251789,-47.8894725,16-21077518
HOSPITAL E PRONTO ATENDIMENTO SANCTA MAGGIORE,RUA TAMARATACA,127,MOOCA,03119010,355030,7174691,-23.5642023,-46.5942212,40859057
HOSPITAL SANCTA MAGGIORE,AVENIDA SANTO AMARO,22,VILA NOVA CONCEICAO,04506000,355030,7174705,-23.5418703,-46.6505505,40859051
HOSPITAL E PRONTO ATENDIMENTO SANCTA MAGGIORE,RUA DA FIGUEIRA,831,MOOCA,03102010,355030,7174713,-23.552317,-46.6248795,40859057
HOSPITAL CENTRO DO CORACAO,RUA SAO CARLOS,369,VIL INDUSTRIAL,13035420,350950,2084325,-22.91473735,-47.064753519401,(19) 32727000
HOSPITAL E PRONTO ATENDIMENTO SANCTA MAGGIORE,RUA MAESTRO CARDIM,1137,BELA VISTA,01323001,355030,7174721,-23.5603,-46.6399,3269 3200
HOSPITAL DE CAMPANHA COVID 19 SMS SP ANHEMBI P 38,AV OLAVO FONTOURA,1209,SANTANA,02012021,355030,0102083,-23.548,-46.636,
HOSPITAL PRESIDENTE,AVENIDA NOVA CANTAREIRA,2398,TUCURUVI,02340000,355030,2077604,-23.4764601,-46.6105669,22616611
HOSPITAL SAO LUIZ GONZAGA,MICHEL OUCHANA,94,JACANA,02276140,355030,2076896,-23.459506421378542,-46.58220291137695,
HOSPITAL DA LUZ 92,RUA AZEVEDO MACEDO,92,VILA MARIANA,04013060,355030,2032481,-23.5806193,-46.6397502,(11) 2117-6000
HOSPITAL ALBERT SABIN,RUA BRIGADEIRO GAVIAO PEIXOTO,123,LAPA,05078000,355030,2082314,-23.5256816,-46.7116682,(11)38384655
HOSP ANCHIETA,RUA PEDRO DE TOLEDO,1118,VL CLEMENTINO,04039003,355030,2080397,,,(11)55749000
HOSP EDMUNDO VASCONCELOS,RUA BORGES LAGOA,1450,VIL CLEMENTINO,04038905,355030,2089610,-23.595885409100163,-46.65223002433777,(11) 5080 4151
UNIDADE AVANCADA LUZ BUTANTA,AV PROFESSOR FRANCISCO MORATO,719,BUTANTA,05513000,355030,2089653,-23.578184,-46.7081152,(11)30942300
HOSPITAL ITAQUERA,RUA JOSE OITICICA FILHO,123,ITAQUERA,08210510,355030,2078635,-23.5366,-46.4505148,
UNIDADE AVANCADA SANTO AMARO,RUA BARAO DO RIO BRANCO,515,SANTO AMARO,04753001,355030,2680785,-23.6505946,-46.7092508,(11) 2185-0676
SANTA MARINA HOSPITAL GERAL E MATERNIDADE,AV SANTA CATARINA,2775,VIL SANTA CATARINA,04378500,355030,2080257,,,(11)55635000
HOSP MAT STO ANTONIO DO TUCURUVI,AVN JULIO BUONO,1849,VIL GUSTAVO,02201000,355030,2083957,,,(11)02019911
HOSP SAO CARLOS,RUA JOAQUIM MARRA,138,VILA MATILDE,03514000,355030,2089645,,,11 2652-2210
HOSPITAL PAULISTANO,RUA MARTINIANO DE CARVALHO,741,BELA VISTA,01321001,355030,2084376,-23.560781139050334,-46.64138317108154,(11) 3016-1000
HOSPITAL SAMARITANO,RUA CONSELHEIRO BROTERO,1486,HIGIENOPOLIS,01232010,355030,2080818,-23.53907145,-46.66202978994055,(11) 3821-5550
SAO LUIZ UNIDADE ITAIM,RUA DOUTOR ALCEU DE CAMPOS RODRIGUES,95,VILA NOVA CONCEICAO,04544000,355030,2688611,-23.5908379,-46.6737583,(11) 3040-1100
UNIDADE REFERENCIADA OSWALDO CRUZ VERGUEIRO,R VERGUEIRO,17,LIBERDADE,01504000,355030,2078597,-23.325,-46.381,113549-0000 R.3077
HOSP STA RITA,CUBATAO,1190,VILA MARIANA,04013004,355030,2082535,-23.582218,-46.641205,
HOSP STO AMARO,RUA BARAO DE DUPRAT,140,SANTO AMARO,04743060,355030,2080834,,,(11)55482333
CENTRO DE ATENDIMENTO HOSPITALAR A MULHER PRESA,ROD RAPOSO TAVARES,S/N,JD ARPOADOR,05577300,355030,3556352,,,(13)7854740
HOSPITAL INDIANOPOLIS,AVENIDA JANDIRA,1134,INDIANOPOLIS,04080006,355030,4077040,-23.612354233060028,-46.655777431941125,(11) 98529-2641
HOSPITAL RENASCENCA CAMPINAS,AV BARAO DE ITAPURA,1444,GUANABARA,13020432,350950,7044666,-22.892198400197,-47.0637966909993,19-37275202
HOSPITAL ALPHA MED,CORIFEU DE AZEVEDO MARQUES,168,CENTRO,06320090,351060,2083191,-23.521779210905265,-46.832880877757326,11 41858555
CENTRO DE TRANSICAO E ESTABILIZACAO CTE SAO GUILHERME,RUA BELMIRO MOREIRA SOARES,1100,JARDIM SAO GUILHERME,18074651,355220,0605107,-23.4514224,-47.4884494,15 3239-9245
HOSPITAL VIVER RIBEIRAO PRETO,AVENIDA DR JOAO PALMA GUIAO,49,ALTO DA BOA VISTA,14025350,354340,6126642,-21.198856550065162,-47.811148166656494,16 2133-6988
HOSPITAL MUNICIPAL DE BARUERI DR FRANCISCO MORAN,RUA ANGELA MIRELLA,354,VILA DOM JOSE,06411330,350570,6095666,-23.496833600000002,-46.87200510135226,(11) 2575-3200
HOSPITAL EVANGELICO DE SOROCABA,GENERAL CARNEIRO,475,VILA LUCY,18043001,355220,2708558,-23.5077152,-47.4843308,15 21016600
HOSPITAL GERAL DE PEDREIRA,RUA JOAO FRANCISCO DE MOURA,251,VILA CAMPO GRANDE,04455170,355030,2066092,-23.6807463,-46.6784764,(11) 5613-5900
COMPLEXO HOSPITALAR PADRE BENTO DE GUARULHOS,AV EMILIO RIBAS,1819,GOPOUVA,07051000,351880,2079410,-23.46565585,-46.55023336270768,(11) 2463-5650
HOSPITAL ESTADUAL PROF CARLOS DA SILVA LACAZ FCO MORATO,RODOVIA MANOEL SILVERIO PINTO,125,BELEM ESTACAO,07901155,351630,3028399,-23.284727097288172,-46.7489751369491,(11) 4489-9444
HOSPITAL DE CLINICAS DE FRANCO DA ROCHA,DOS COQUEIROS,300,CENTRO,07850320,351640,2092107,-23.322,-46.727,
HOSPITAL GERAL DE GUARULHOS PROF DR WALDEMAR DE CARVALHO,ALAMEDA DOS LIRIOS,200,PARQUE CECAP,07190012,351880,2080338,-23.461788,-46.590805,(11) 3466-1350
HOSPITAL SAO PAULO RIBEIRAO PRETO,RUA VISCONDE DE INHAUMA,1600,JD SUMARE,14025100,354340,2079038,-21.18434895,-47.81584271101367,16 3977-8400
HOSPITAL MUNICIPAL DE PAULINIA,RUA MIGUEL VICENTE CURY,100,NOVA PAULINIA,13140295,353650,2081059,-22.7703993,-47.1496968,(19)38745500
HOSPITAL MUNICIPAL PIMENTAS BONSUCESSO MANUEL DE PAIVA,RUA SAO JOSE DO PARAISO,100,PARQUE DAS NACOES,07243550,351880,5200105,-23.462970762837763,-46.53291463851929,11 24896610
HOSPITAL INTERMEDICA ABC,RUA AURELIA SALAZAR JORGE,303,RUDGE RAMOS,09613100,354870,6938876,-23.669660608981257,-46.56570503068419,43661823
HOSPITAL DO CORACAO,RUA DESEMBARGADOR ELISEU GUILHERME,123,PARAISO,04004030,355030,2081288,-23.5742,-46.6433365,(11)30536611
HOSPITAL E MATERNIDADE SAO LUCAS,ESTRADA DA COLONIA,2959,SANTA LUZIA,09402500,354330,2081202,-23.6938486,-46.3973675,(11)48283000
UNIMED,RUA DR CANDIDO RODRIGUES,102,CENTRO,12914500,350760,6634540,,,
UNIMED DE GUARULHOS COOPERATIVA DE TRABALHO MEDICO,RUA TABAJARA,566,VILA SAO JORGE,07111120,351880,6625649,-23.4632852,-46.5210808,1124642000
HOSPITAL E MATERNIDADE SAO RAFAEL SP,ECA DE QUEIROZ,391,VILA MARIANA,04011032,355030,2089483,-23.579652080106158,-46.644558906555176,11 59085400
SANTA CASA DE SAO CARLOS,RUA PAULINO BOTELHO DE ABREU SAMPAIO,573,VILA PUREZA,13561060,354890,2080931,-22.0112277,-47.90101623127376,16-35091100
HOSPITAL HELIOPOLIS UNIDADE DE GESTAO ASSISTENCIAL I,CON XAVIER,276,V HELIOPOLIS,04231030,355030,2066572,-23.607115,-46.595253,
HOSP GLORIA,RUA DA GLORIA,676,LIBERDADE,01510000,355030,5659280,,,11 332700
CLINICA ALTERNATIVA,AV SAO JOSE DOS CAMPOS,256,JD NOVA EUROPA,13040145,350950,5691273,-22.9317965,-47.0569809,19-32386233
HOSPITAL SAO CAMILO POMPEIA,AV POMPEIA,1178,POMPEIA,05022001,355030,2688565,-23.5342547,-46.68809670000002,(11)36774503
HOSPITAL ISRAELITA ALBERT EINSTEIN,AV ALBERT EINSTEIN,627,MORUMBI,05652900,355030,2058391,-23.59935,-46.71532,(11)37471233
HOSPITAL SBC,RUA BLUMENAU,320,VILA LEOPOLDINA,05319020,355030,2081741,-23.53747905069587,-46.728488952969364,011 21972400
HOSPITAL DE CANCER DE SAO BERNARDO DO CAMPO PADRE ANCHIETA,RUA SILVA JARDIM,470,CENTRO,09715090,354870,2025361,-23.71393393141584,-46.544428661651104,(11)43454011
HOSPITAL SANTA HELENA SANTO ANDRE,MANOEL VAZ,3559,VILA ALZIRA,09015410,354780,3528596,-23.667733108567,-46.52031869077699,11 49727155
HOSPITAL SAO CAMILO SANTANA,DOUTOR LUIS LUSTOSA DA SILVA,33,SANTANA,02406040,355030,3039420,-23.487515039007462,-46.626913246953805,11 36750035
HOSP MUN DE MOGI DAS CRUZES PREF WALDEMAR COSTA FILHO,RUA GUTTERMANN,577,BRAZ CUBAS,08740320,353060,7473702,-23.5395523,-46.217966,4791-7780
HOSPITAL AVAPE,AVENIDA ALCANTARA MACHADO,60,BRAS,03102010,355030,5434351,,,0151133412751
UNIDADE DE DOENCAS CARDIOVASCULARES DE CAMPINAS,R SAO CARLOS,369,VILA INDUSTRIAL,13035420,350950,5994195,,,19-32727451
HOSPITAL SANTA PAULA,AVENIDA SANTO AMARO,2468,VILA OLIMPIA,04556100,355030,2089580,-23.604776,-46.675130,11 30408008
HOSPITAL LEFORTE,RUA TRES IRMAOS,121,CAXINGUI,05615190,355030,6283993,-23.5853163,-46.7182173,1137234700
HOSPITAL E MATERNIDADE DR CHRISTOVAO DA GAMA,AV DOUTOR ERASMO,18,VILA ASSUNCAO,09030010,354780,2079607,-23.6813488,-46.5531917,(11)49933805
HOSPITAL SINO BRASILEIRO,AVENIDA MARECHAL RONDON,299,CENTRO,06093020,353440,5101654,-23.531786002573416,-46.78148031234741,11 2142-4550
HOSPITAL GERAL JESUS TEIXEIRA DA COSTA GUAIANASES SAO PAULO,AV MIGUEL ACHIOLE DA FONSECA,135,JARDIM SAO PAULO,08461110,355030,2079240,-23.55665084929075,-46.40025367640674,(11) 2551-3300 /3342
SANTA CASA DE MISERICORDIA DONA CAROLINA MALHEIROS SJBV,RUA CAROLINA MALHEIROS,92,VILA CONRADO,13870720,354910,2084228,-21.982195500000003,-46.79515739151121,19 36332222
HOSPITAL SANTA ISABEL,RUA DOUTOR CESARIO MOTA JUNIOR,112,SANTA CECILIA,01221900,355030,4060105,-23.5431724,-46.6499052,(11) 3245-5000
HOSPITAL MUNICIPAL SANTA DULCE DOS POBRES,RUA ANTONIO CARLOS,122,CONSOLACAO,01309010,355030,0102075,-23.4757,-46.6974281,42102970
HOSPITAL DE CAMPANHA COVID 19 SMS SP ANHEMBI P 35,AVENIDA OLAVO FONTOURA,1209,SANTANA,02012021,355030,0113123,-23.5162493,-46.64516943846536,(11)973138957
HOSPITAL PREVINA,BARAO DE JACEGUAI,1337,CENTRO,08780100,353060,2935406,-23.521240731665007,-46.18821859359741,11 39445485
HOSPITAL DE CAMPANHA COVID 19 MOGI DAS CRUZES,AVENIDA CIVICA,1,MOGILAR,08773550,353060,0149632,"-23,5107","-46,1902",
HOSPITAL DE CAMPANHA COVID 19 BRUNO DANIEL,RUA 24 DE MAIO,S/N,VILA AMERICA,09110150,354780,0150126,-23.6683596,-46.5090599,1144256960
HOSPITAL VILA NOVA STAR,RUA DOUTOR ALCEU DE CAMPOS RODRIGUES,126,VILA NOVA CONCEICAO,04544000,355030,9735372,-23.48707,-46.55138,(11) 3457-1455
HOSPITAL NOSSA SENHORA DE FATIMA,NOSSA SENHORA DE FATIMA,497,SANTA PAULA,09540901,354880,2082330,-23.6234631,-46.5656027,
HOSPITAL DE CAMPANHA COVID 19 ANCHIETA,RUA SAO BARTOLOMEU,S/N,VILA PADRE ANCHIETA,13068271,350950,0604828,-22.863291978846533,-47.15184509754181,19 32242613
HOSPITAL E PRONTO ATENDIMENTO SANCTA MAGGIORE PARIS,RUA GENERAL CHAGAS SANTOS,314,VILA DA SAUDE,04146050,355030,0955736,-23.61825525,-46.63209210492664,1140859000
HOSP MUN BRIGADEIRO,AVENIDA BRIGADEIRO LUIS ANTONIO,4805,JARDIM PAULISTA,01401002,355030,0158100,-23.548,-46.636,
COVID 19 CENTRO DE COMBATE AO CORONAVIRUS CCC JANDIRA,RUA NOVA SALOMAO BARJUD,220,CENTRO,06600026,352500,0105058,-23.528107058138396,-46.89891815185547,11 4707.1668
HOSPITAL DE CAMPANHA COVID 19 CENTRO DE COMBATE AO CORONA,AVENIDA ODAIR SANTANELLI,101,PARQUE CECAP,07190050,351880,0102172,-23.46301012983192,-46.532957553863525,
HOSPITAL ESTADUAL COVID 19 METROPOLITANO SANTA CECILIA,PRACA MARECHAL DEODORO,151,SANTA CECILIA,01150011,355030,0694622,-23.548,-46.636,(11) 3164-6287
HOSPITAL E MATERNIDADE NOVA VIDA,AVENIDA CAROLINA DE ABREU PAULINO,66,BAIRRO DOS ABREUS,06654140,352250,2746387,,,11 4143-7520
AMHE MED SOROCABA,RUA PEDRO JOSE SENGER,213,VILA HARO,18015000,355220,0605484,-23.498824306706076,-47.44423270225525,
HOSPITAL SAMARITANO PAULISTA,AVENIDA BRIGADEIRO LUIS ANTONIO,1895,BELA VISTA,01317002,355030,9684948,-23.564931208577853,-46.64691388607025,11 42087287
HOSPITAL DE RETAGUARDA DO JARDIM PAULISTA,AVENIDA CIDADE DE ITU,346,JARDIM ITAPARICA,06447020,350570,0127604,-23.540805866833043,-46.88161253929138,(11) 3164-9591
HOSPITAL DE CAMPANHA COVID 19 EMBU DAS ARTES,RUA ALBERTO GIOSA,300,PARQUE FRANCISCO RIZ,06803280,351500,0089621,-23.6561816,-46.8562054,
HOSPITAL DE CAMPANHA COVID 19 FRANCO DA ROCHA,AV LIBERDADE,250,CENTRO,07850902,351640,0105708,-23.33336032961731,-46.724955439567566,4800-3174
HOSPITAL ESTADUAL DE CAMPANHA COVID 19 IBIRAPUERA,RUA ABILIO SOARES,1300,PARAISO,04005004,355030,0127868,-23.548,-46.636,(11) 4148-9070
HOSPITAL MUNICIPAL BRASILANDIA,MICHIHISA MURATA,150,JARDIM MARISTELA,02806160,355030,0102105,-23.4757036,-46.6974047,113135-7060
HUMANA MAGNA,R VERBO DIVINO,1227,CHACARA SANTO ANTONI,04719001,355030,9392645,-23.6326261,-46.7100774,(11) 2397-0229
HOSPITAL SANCTA MAGGIORE DUBAI,RUA FRANCISCO TRAMONTANO,100,REAL PARQUE,05686902,355030,0263192,-23.617749,-46.7051417,1140859057
HOSPITAL UNIMED SAO CARLOS UNIDADE II,RUA SETE DE SETEMBRO,3033,VILA NERY,13560181,354890,0962589,-22.015852634635696,-47.88072466850281,16 21077428-21077300
HOSP MUNICIPAL DE URGENCIAS HMU,AVENIDA TIRADENTES,3392,BOM CLIMA,07196000,351880,2082861,-23.462990446336306,-46.532957553863525,1124757422
HOSPITAL STELLA MARIS,RUA MARIA CANDIDA PEREIRA,568,ITAPEGICA,07041020,351880,2078155,-23.462970762837763,-46.53302192687988,1124238500
HOSPITAL REGIONAL DE SOROCABA,RODOVIA RAPOSO TAVARES,S/N,PARQUE RESERVA FAZEN,18052775,355220,9491112,-23.312385068893963,-47.27541446685791,(15) 35009900
HOSPITAL VIDAS ALTA COMPLEXIDADE,PROFA MARIA DE LOURDES DE S NOGUEIRA,89,VILA GEA,04692000,355030,0701394,-23.675446615309966,-46.68650349999718,11 33219450
HOSPITAL SAGRADA FAMILIA,RUA VICENTE ALETTO,31,JARDIM ANCHIETA,09360540,352940,0653101,-23.68348915,-46.460293136742024,114615 6682
UPA DO EDEN UNIDADE DE ATENDIMENTO DE SINDROME GRIPAL,RUA MIGUEL JOSE GIMENES,75,JD PORTOBELLO,18103750,355220,0684651,-23.427591,-47.415091,15 3333-2169
IOU INSTITUTO DE OTORRINOLARINGOLOGIA E CABECA E PESCOCO D,AV PREFEITO JOSE MAGALHAES TEIXEIRA,450,CIDADE UNIVERSITARIA,13083891,350950,0743585,-22.8260494,-47.0643169,32890394
HOSPITAL DE CAMPANHA COVID 19 HOSPITAL ANCHIETA,RUA SILVA JARDIM,470,CENTRO,09715090,354870,0105767,-23.714192500000003,-46.5444141188369,4345-4011
HOSPITAL ALVORADA MOEMA,AVENIDA IBIRAPUERA,1942,INDIANOPOLIS,04028001,355030,2089238,-23.60158052899786,-46.66059851005425,(11) 3375-3258
UPH ZO UNIDADE DE ATENDIMENTO DE SINDROME GRIPAL,AVENIDA GENERAL CARNEIRO,1670,VILA LUCY,18043004,355220,0625469,-23.5066889,-47.48374769868421,15 3229-0410
HOSP STA CECILIA,PRC MARECHAL DEODORO,149,SANTA CECILIA,01150011,355030,2082543,-23.548,-46.636,38237000
HOSP DOM ALVARENGA,AVENIDA NAZARE,1361,IPIRANGA,04263200,355030,2077469,-23.5962633,-46.6096697,
HOSP MAT MODELO,R TAMANDARE,753,ACLIMACAO,01525001,355030,3015874,,,
HOSP DE CLINICAS J HELENA,RUA ERVA ANDORINHA,123,JARDIM HELENA,08090470,355030,3019012,-23.4786869,-46.4232124,(11)65811999
HOSPITAL E MATERNIDADE MONTREAL,RUA PADRE DAMASO,100,CENTRO,06016010,353440,2084031,,,(11)36519000
HOSPITAL RIBEIRAO PRETO,BERNARDINO DE CAMPOS,912,CENTRO,14015130,354340,2079275,-21.184957354054053,-47.80897672162162,85 40023633
HOSPITAL SANCTA MAGGIORE,RUA CRISTIANO VIANA,890,PINHEIROS,05411001,355030,7357079,-23.5554299,-46.6796969,40859195
HOSPITAL DE CLINICAS MUNICIPAL,ESTRADA DOS ALVARENGAS,1001,ALVARENGA,09850550,354870,7373465,-23.7477921,-46.5796461,1143531500
UNIMED LESTE PAULISTA COOPERATIVA DE TRABALHO MEDICO,ORLANDO FRACARI,730,JARDIM RECANTO DO BO,13874423,354910,2084902,-21.96728865,-46.76376462790871,19 36342000
HOSPITAL CRUZEIRO DO SUL,AVENIDA DOS AUTONOMISTAS,2502,CENTRO,06090010,353440,2079887,-23.5375286,-46.7769294,(11)36069000
UNIDADE AVANCADA EINSTEIN PERDIZES,RUA APIACAS,85,PERDIZES,05017020,355030,6569757,-23.53322,-46.67554,11 2151-6224
HOSPITAL E MATERNIDADE CENTRAL SAO CAETANO DE SUL,RUA MANOEL COELHO,845,CENTRO,09510112,354880,2080613,-23.6171405,-46.5723813,2141-1800
HOSPITAL E MATERNIDADE BAETA NEVES,AVENIDA PEREIRA BARRETO,846,BAETA NEVES,09751000,354870,2083000,,,1141227323
HSANP HOSPITAL,RUA VOLUNTARIOS DA PATRIA,2786,SANTANA,02402100,355030,3027805,-23.4957474,-46.6282838,(11)3405-8200
PLENA SAUDE,RUA ANGELO RANIERI,52,VILA VERA CRUZ,07803050,351640,2798220,-23.33022145,-46.72800217694926,1124500070
HOSPITAL MUNICIPAL DA MULHER DR JOAO LUIS J ROSSETO,RUA SACADURA CABRAL,471,AVIACAO,16055510,350280,2077566,-21.1927451,-50.4308463,(18) 3636-1170
HOSPITAL UNIMED UNIDADE ANCHIETA,RUA ANCHIETA,586,CHACARA URBANA,13201804,352590,6194168,-23.184570519909155,-46.88986301422119,(11)45831900
HCSVP HOSPITAL SAO VICENTE,RUA SAO VICENTE DE PAULO,223,CENTRO,13201625,352590,2786435,-23.1838628,-46.889918688134436,11 4583-8155
HOSPITAL GERAL HENRIQUE ALTIMEYER DE VILA ALPINA,AV FRANCISCO FALCONI,1501,VILA ALPINA,03227000,355030,2077426,-23.593052550000003,-46.56076177667035,(11) 2318-2100
HOSPITAL REGIONAL SUL SAO PAULO,RUA GENERAL ROBERTO ALVES DE CARVALHO FILHO,270,SANTO AMARO,04744000,355030,2091313,-23.655559699999998,-46.70585961582883,(11) 5694-8259
HOSP GERAL GODOI,R CONSELHEIRO BROTERO,999,HIGIENOPOLIS,01232011,355030,3451720,,,(11)38255000
HOSPITAL SANTA MARIA,RUA OSCAR RODRIGUES ALVES,02,CENTRO,16010330,350280,3441520,,,(18) 3607-6000
CENTRO MEDICO PMESP,AVENIDA NOVA CANTAREIRA,3659,TREMEMBE,02341001,355030,3464555,-23.469156,-46.618354,(11) 2109-3755
HOSP MAT VIDAS,NSRA DE SABARA,2375,VILA SANTANA,04685006,355030,3045625,-23.675062216020244,-46.68564011123749,11 33219450
HOSPITAL TALITA,RUA LUIS JULIANI,67,VILA RENATO,03978270,355030,3314596,,,(11)61039111
HOSPITAL MOGIANO,JULIO PRESTES,245,CENTRO,08780110,353060,2784750,-23.5376246,-46.3128608,11 47982000
MOGI MATER HOSPITAL E MATERNIDADE,MARECHAL DEODORO,83,CENTRO,08715060,353060,2784874,-23.5249236,-46.1898501,11 47990123
HOSPITAL SANTANA,DOUTOR OSMAR MARINHO COUTO,71,CENTRO,08730500,353060,2083256,-23.522972102772584,-46.187875270843506,11 31552000
HOSPITAL SANTA CLARA,JOAQUIM MARRA,138,VILA MATILDE,03514000,355030,7676484,-23.533310679265245,-46.52738395268833,11 39874411
HOSPITAL SAO BERNARDO DO CAMPO,LUCAS NOGUEIRA GARCEZ,400,CENTRO,09750660,354870,5135117,-23.692772619756646,-46.553747444177624,11 4122-6500
HOSP PANAMERICANO,RUA VITORINO DE CARVALHO,78,ALTO DE PINHEIROS,05447140,355030,3003140,,,(11)30242100
HOSPITAL E PRONTO ATENDIMENTO SANCTA MAGGIORE RUSSIA,AVENIDA PROFESSOR FRANCISCO MORATO,1133,BUTANTA,05513100,355030,0393290,-23.5853458,-46.7215587,(11) 40859000
HOSPITAL GERAL DE SAO MATEUS SAO PAULO,RUA ANGELO DE CANDIA,540,SAO MATEUS,03958000,355030,2077493,-23.59473585,-46.4867109,(11) 2014-5148
BP HOSPITAL FILANTROPICO,RUA GENERAL SOCRATES,145,PENHA DE FRANCA,03632040,355030,6984649,-23.548,-46.636,
HOSP MUN SOROCABANA,RUA FAUSTOLO,1633,VILA ROMANA,05041001,355030,6998194,-23.523701,-46.701312,52374000
HOSPITAL SAO BERNARDO S A,LUCAS NOGUEIRA GARCEZ,400,JARDIM DO MAR,09750660,354870,3047822,-23.690249,-46.554210,41225600
HOSPITAL ESTADUAL DE COVID 19 AME CAMPINAS,AV PREFEITO FARIA LIMA,580,PARQUE ITALIA,13036220,350950,0034053,-22.906,-47.061,
HOSPITAL BARTIRA,ALFREDO MALUF,430,VILA ALTO DE SANTO A,09240410,354780,2084090,-23.6316903,-46.5251551,(11) 4996-6679
HOSPITAL MUNICIPAL FRANCISCO DE ASSIS RIBEIRAO PRETO,MANOEL EGYDIO DOS SANTOS,53,SOLAR BOA VISTA,14030645,354340,7420595,-21.1848922,-47.8432911,16 39199999
HOSPITAL E PRONTO ATENDIMENTO SANCTA MAGGIORE,AVENIDA CAMINHO DO MAR,2645,RUDGE RAMOS,09611000,354870,7435568,-23.6551755,-46.5714252,40859057
HOSP STA MAGGIORE ANALIA FRANCO,RUA JOSE DE OSCAR DE ABREU SAMPAIO,376,JARDIM ANALIA FRANCO,01333000,355030,3259463,,,(11)66726111
HOSPITAL ELECTRO BONINI RIBEIRAO PRETO,AVENIDA LEAO XIII,,RIBEIRANIA,14096190,354340,3314766,-21.20095712872548,-47.7800989151001,
HOSPITAL VITAL,RUA VICENTE ALETTO,31,VILA ASSIS BRASIL,09360540,352940,7124139,-23.68348915,-46.460293136742,1145125000
INSTITUTO PENIDO BURNIER,R DR MASCARENHAS,249,BOTAFOGO,13013175,350950,7134290,-22.9036650979387,-47.0705011734008,32325866
CENTRO HOSPITALAR DE SANTO ANDRE DR NEWTON DA COSTA BRANDAO,AVENIDA JOAO RAMALHO,326,VILA ASSUNCAO,09030320,354780,0008923,-23.6659455,-46.527573514565624,(11) 4433-3600
HOSPITAL DAS CLINICAS LUZIA DE PINHO MELO,MANOEL DE OLIVEIRA,S/N,MOGILAR,08773130,353060,2080680,-23.510289,-46.193893,11 47901015
HOSPITAL SANTA ISABEL,R DONA VERIDIANA,311,VILA BUARQUE,01238010,355030,2079445,-23.542674681744632,-46.65078163146973,(11)2176-1422
HOSP DAS CLINICASHOSP AUXILIAR DE COTOXO,RUA COTOXO,1142,SUMARE,05021010,355030,2078163,,,(11)30696241
HOSPITAL E MATERNIDADE METROPOLITANO,MARCELINA,441,VILA ROMANA,05044010,355030,2078082,-23.530499859227817,-46.6971892118454,21 38051000
HOSPITAL E MATERNIDADE BRASIL UNIDADE MAUA,RUA MARTIM AFONSO,114,VILA GUARANI,09310320,352940,2690764,-23.670206,-46.4736652,(11) 4544-2085
HOSPITAL DE CLINICAS DR RADAMES NARDINI,REGENTE FEIJO,166,VILA BOCAINA,09310640,352940,2082349,-23.673337,-46.458885,11 4547 6999
HOSPITAL DE URGENCIA,RUA JOAQUIM NABUCO,380,CENTRO,09720375,354870,2069776,-23.7162058,-46.5551539,4128-7700
SANTA CASA DE SOROCABA,AV SAO PAULO,750,ARVORE GRANDE,18013002,355220,2708779,-23.4917368,-47.4129929,(15) 2101-8000
HOSPITAL MILITAR DE AREA DE SAO PAULO,RUA OUVIDOR PORTUGAL,230,CAMBUCI,01551000,355030,2078007,-23.569,-46.614,
COMPLEXO HOSPITALAR GRANJA VIANA LTDA,RUA IAPU,150,GRANJA VIANA,06355120,351060,6193846,,,41695412
SAO LUIZ UNIDADE MORUMBI,RUA ENGENHEIRO OSCAR AMERICANO,840,MORUMBI,05673050,355030,3824802,-23.575944975344676,-46.63627624511719,(11) 3093- 1100
HOSPITAL NOSSA SENHORA DO ROSARIO,DR EDSON DE MELO,357,VILA MARIA ALTA,02122080,355030,2084368,-23.56719303961408,-46.57029390335083,01131552072
HOSP MUN TIDE SETUBAL,RUA DR JOSE GUILHERME EIRAS,123,SAO MIGUEL PAULISTA,08010220,355030,2080583,-23.547956399229353,-46.635611057281494,(11)5178-1250
HOSPITAL UNIVERSITARIO SAO FRANCISCO NA PROV DE DEUS,SAO FRANCISCO DE ASSIS,260,CIDADE UNIVERSITARIA,12916542,350760,2704900,-22.952110136272896,-46.54284954071045,11 24901131
HOSPITAL ESTADUAL DE RIB PRETO DR CARLOS EDUARDO MARTINELLI,AV INDEPENDENCIA,4750,JARDIM JOAO ROSSI,14026528,354340,5887623,-21.211599601457713,-47.82672643661499,16-36027100
HOSP SAO LUIZ ANALIA FRANCO,FRANCISCO MARENGO,1312,TATUAPE,03313000,355030,5907594,-23.5489,-46.558245248775364,(11) 3386-1100
ESPACO MARIAZINHA,ESTRADA JOSE MATIAS DE CAMARGO,491,INVERNADA,06846035,351500,0249491,-23.649,-46.852,11-4085-9057
HOSPITAL ESTADUAL COVID 19 AME SANTO ANDRE,AV CAPITAO MARIO TOLEDO DE CAMARGO,3330,VILA LUZITA,09171125,354780,0653985,-23.664,-46.538,(11) 4454-6105
HOSPITAL SAO LUIZ SAO CAETANO,RUA BARAO DE MAUA,181,SAO JOSE,09581110,354880,9194258,-23.6291753,-46.5795327,(11) 3040-1283
HOSPITAL E MATERNIDADE SAO JOSE DO ABC,RUA MARTIM AFONSO DE SOUZA,329,VILA PIRES,09195230,354780,2081881,-23.6736344,-46.514959,(11)44526400
UNIDADE MISTA E MATERNIDADE CENTRAL,AVENIDA ELIAS YAZBEK,1415,CERCADO GRANDE,06803002,351500,2077078,-23.64911765,-46.84745629754565,4781-3723
HOSP LEITO E PRONTO ATENDIMENTO AURELINO ALVES DOS SANTOS,RUA SAO LUCAS,92,JD VALO VERDE,06814310,351500,2079011,-23.6585167,-46.8056716,4782-4937
CONJUNTO HOSPITALAR DO MANDAQUI SAO PAULO,RUA VOLUNTARIOS DA PATRIA,4301,SANTANA,02401400,355030,2077574,-23.48497835,-46.63142915339331,(11) 2281-5000
HOSPITAL DE CAMPANHA RIBEIRAO PIRES,ESTRADA DA COLONIA,2959,SANTA LUZIA,09405390,354330,0112062,-23.711,-46.413,
HOSPITAL PERSONAL,RUA CAME,1016,PARQUE DA MOOCA,03121020,355030,5607442,-23.56712420185282,-46.59377932548523,11 20293030
HOSPITAL VERA CRUZ,ANDRADE NEVES,402,BAIRRO CENTRO,13013900,350950,2078376,-22.904300,-47.068430,19 37343288
HOSPITAL DE CAMPANHA COVID 19 UFABC,AVENIDA DOS ESTADOS,5001,BANGU,09210580,354780,0163279,-23.64465645,-46.52841501014528,1149960001
HOSPITAL BRAGANTINO,RUA EUNICE FERRAZ FERNANDES,151,JARDIM DO LAGO,12914500,350760,9549846,-22.971630513076104,-46.53342962265015,4034-7400
HOSPITAL FUNDACAO PENTEADO RIBEIRAO PRETO,ANTONIO GOMES DA SILVA JUNIOR,625,PARQUE RESIDENCIAL L,14095440,354340,0080470,-21.1885534,-47.761084,16 32341290
HOSPITAL UNIMED,R SAO CARLOS,369,VL INDUSTRIAL,13035420,350950,9477373,-22.9058338,-47.0663981,19 37739310
HOSPITAL E MATERNIDADE IPIRANGA,IPIRANGA,797,CENTRO,08730000,353060,7838530,-23.5229917773134,-46.187896728515625,21 38051000
HOSPITAL GERAL DA PENHA,RUA GENERAL SOCRATES,145,PENHA,03632030,355030,5936543,,,0112090.5000
HOSPITAL SANTA ANA,CAVALHEIRO ERNESTO GIULIANO,979,SAO JOSE,09570400,354880,9620494,-23.623,-46.551,11 39933333
HOSP MUN VER JOSE STOROPOLLI,RUA FRANCISCO FANGANIELLO,127,PARQUE NOVO MUNDO,02181160,355030,3212130,-23.522177868910855,-46.56327334507779,11 22079000
HOSPITAL GERIATRICO E DE CONVALESCENTES D PEDRO II,AV GUAPIRA,2674,JACANA,02265002,355030,2688581,-23.466661367495973,-46.58378005027771,(11)21761200
HOSPITAL SANTA SOFIA,AV ANDRADE NEVES,611,BOTAFOGO,13013161,350950,2023512,-22.9032457676973,-47.0698446956387,19 3737-8000
HOSPITAL DE CAMPANHA COVID 19 PEDRO DELL ANTONIA,RUA SAO PEDRO,27,SILVEIRA,09121390,354780,0109746,-23.6706964,-46.5104779,1149722821
PREMIER RESIDENCE HOSPITAL,RUA JURUBATUBA,461,VILA CORDEIRO,04583100,355030,3477355,-23.7151989,-46.5524483,21 99999-5888
HOSPITAL NIPO BRASILEIRO,RUA PISTOIA,100,PARQUE NOVO MUNDO,02189000,355030,2089777,-23.5080145,-46.568621500000006,(11)26332200
HC DA FMUSP HOSPITAL DAS CLINICAS SAO PAULO,RUA DR OVIDIO PIRES DE CAMPOS,225,CERQUEIRA CESAR,05403010,355030,2078015,-23.556591599413434,-46.672325134277344,(11)3087-5456
HOSPITAL SOROCABANA,R FAUSTOLO,1633,LAPA,05041001,355030,2076934,,,
HOSPITAL SAO CAMILO POMPEIA 2,RUA BARAO DO BANANAL,1086,VILA POMPEIA,05024000,355030,9944664,-23.533699209757103,-46.68907821178436,(11) 3677 4444
HOSPITAL SILVIO ROMERO,FERNANDES PINHEIRO,268,VILA AZEVEDO,03308060,355030,3701832,-23.54161489727233,-46.57215354660152,11 22279040
HOSPITAL SANTA ANA,CAVALHEIRO ERNESTO GIULIANO,979,SAO JOSE,09570400,354880,0940402,-23.634753103377186,-46.562493948620265,11 39874411
NORDEN HOSPITAL,GETULIO VARGAS,740,VILA LUTFALLA,13570390,354890,9799176,-22.0332268,-47.8840064,16 34198647
HOSPITAL CENTRAL LESTE,RUA CABO JOSE TEIXEIRA,189,GUAIANAZES,08451010,355030,2091801,-23.53790175,-46.4031351868007,(11) 2551-5072
HOSPITAL SAO BERNARDO S A UNIDADE BAETA NEVES,AVENIDA PEREIRA BARRETO,846,BAETA NEVES,09751000,354870,7150938,,,(11) 4122-6544
HOSPITAL GREEN HILL,RUA BOM PASTOR,905,IPIRANGA,04203050,355030,7159102,-23.5843835,-46.6076443,11 45069888
HOSPITAL RIBEIRAO PIRES,DOUTOR NICOLAU ASSEF,52,CENTRO ALTO,09424070,354330,3580822,-23.71388575,-46.420180301453925,11 48271000
HOSPITAL BOSQUE DA SAUDE,AV BOSQUE DA SAUDE,1926,SAUDE,04142082,355030,3309959,-23.613287670536806,-46.620307788740085,55917505
HOSPITAL DR OSIRIS FLORINDO COELHO,PRINCESA ISABEL,270,VILA CORREA,08502200,351570,2080079,-23.5384242,-46.35846374267484,11 4674-8400
HOSPITAL CARLOS CHAGAS,BARAO DE MAUA,100,CENTRO,07012040,351880,2081628,-23.471751150000003,-46.528718383074306,1145016000
CONJUNTO HOSPITALAR SOROCABA,AV COMENDADOR PEREIRA INACIO,564,JARDIM VERGUEIRO,18030005,355220,2081695,-23.312365363006315,-47.27408409118652,(15) 33329121
HOSPITAL DA CRUZ VERMELHA BRASILEIRA,AVENIDA MOREIRA GUIMARAES,699,INDIANOPOLIS,04074031,355030,2080494,-23.6133141,-46.6562505,5056-8674/5056-8710
HOSP E MATERNIDADE DO BRAZ,RUA BRESSER,1954,MOOCA,03164160,355030,5174465,-23.546923677860366,-46.60469055175781,26622000
CASA DE SAUDE,PRACA DR TOFFOLI,28,BOSQUE,13015240,350950,2081946,-22.907950,-47.054780,(19)37343288
HOSPITAL SANTA LYDIA RIBEIRAO PRETO,RUA TAMANDARE,434,CAMPOS ELISEOS,14085070,354340,2081164,-21.170308650000003,-47.802848648387524,(16)36054848
HOSPITAL MUNICIPAL DE EMERGENCIAS ALBERT SABIN,RUA AURELIA,101,SANTO PAULA,09551340,354880,5935857,-23.617587,-46.5566729,42337500
HOSPITAL IMACULADA CONCEICAO,TIBIRICA,1172,CENTRO,14010090,354340,2080400,-21.180435196645472,-47.81418979167938,16 39775503
SANTA CASA DE RIBEIRAO PRETO,SAUDADE,456,CAMPOS ELISEOS,14085000,354340,2084414,-21.1680807,-47.8055556,(16)3605 0606
HOSPITAL SAO CAMILO IPIRANGA,POUSO ALEGRE,1,IPIRANGA,04261030,355030,3027600,-23.5828696,-46.6117035,11 20667000
HOSPITAL E MATERNIDADE BRASIL,RUA CORONEL FERNANDO PRESTES,1177,VILA DORA,09020110,354780,2789590,-23.6685439,-46.5327845,(11) 2127-6666
HOSPITAL SAO CAETANO,RUA ESPIRITO SANTO,277,SANTO ANTONIO,09530905,354880,6357245,,,28897047
HOSPITAL ADVENTISTA DE SAO PAULO,RUA ROCHA POMBO,49,LIBERDADE,01525010,355030,3166597,-23.563483,-46.633919,11-2838-7000
HOSPITAL E MATERNIDADE BRASIL DE GUARULHOS,AV EMILIO RIBAS,322,VL ZANARDI,07020010,351880,5493323,,,1124643000
HOSPITAL E MATERNIDADE JARDINS LTDA,RUA ARTUR DE AZEVEDO,1659,PINHEIROS,05404014,355030,3559203,-23.5658021,-46.6866092,
IGESP PAULISTA,SILVIA,276,BELA VISTA,01331010,355030,2084333,-23.2681564,-46.7329013,
HOSPITAL OSWALDO CRUZ,RUA JOAO JULIAO,331,PARAISO,01323020,355030,2076950,-23.34059,-46.38356,(11)3549-1907
HOSP MAT SAO LEOPOLDO,AVN SANTO AMARO,6823,SANTO AMARO,04701200,355030,2081067,,,(11)55234411
HOSPITAL SIRIO LIBANES,RUA DONA ADMA JAFET,91,CERQUEIRA CESAR,01308050,355030,2079127,-23.55714234464365,-46.654343605041504,1133943801
HOSP MAT SAO CRISTOVAO,RUA AMERICO VENTURA,123,ALTO DA MOOCA,03128020,355030,2080796,-23.54799574083539,-46.63526773452759,11 20297416
CASA DE SAUDE D PEDRO II,RUA DA FIGUEIRA,831,MOOCA,03102000,355030,2084406,,,(11)33466500
HOSP 9 DE JULHO,RUA PEIXOTO GOMIDE,625,BELA VISTA,01409902,355030,2079089,-23.5597024,-46.6557011,(11)32533411
HOSPITAL CENTRAL DO TATUAPE,PADRE ADELINO,901,IV PARADA,03303000,355030,2078481,-23.5440866,-46.5850511,(11) 2062-0000
HOSPITAL SAO MIGUEL UNIDADE ERMELINO MATARAZZO,RUA ABEL TAVARES,2576,JARDIM BELEM,03810110,355030,2078627,-23.4862415,-46.4740375,1134885400
HOSP EVALDO FOZ,AVN VEREADOR JOSE DINIZ,3505,CAMPO BELO,04603904,355030,2089416,,,(11)55330344
HOSP INDEPENDENCIA,RUA URUCURANA,01,JARDIM PEDRO JOSE NU,08061100,355030,2078406,-23.498797454183542,-46.46310844708467,(11)20306000
HOSP MAT 8 DE MAIO,RUA RAFAEL MONTEIRO VALEIRO,18,ITAIM PAULISTA,08140020,355030,2089564,-23.5007389,-46.3994955,(11)65610908
HOSP MAT CASA VERDE,RUA RELIQUIA,716,CASA VERDE,02517001,355030,2080176,,,(11)39668555
HOSPITAL IFOR,RUA AMERICO BRASILIENSE,596,CENTRO,09715021,354870,2080591,-23.713109799999998,-46.547246835733084,(11) 4083-6700
HOSPITAL IPIRANGA DE MOGI DAS CRUZES,RUA IPIRANGA,797,JAD SANTISTA,08730000,353060,2784882,,,(11)47958600
HOSPITAL NOSSA SENHORA APARECIDA,RUA BARAO DE JACEGUAI,1148,CENTRO,08780906,353060,2080052,-23.521358780418467,-46.18671655654907,4728-4700
CENTRO ESP EM REABILITACAO DR ARNALDO PEZZUTI CAVALCANTI MOG,RODOVIA ENGENHEIRO CANDIDO DO REGO CHAVES,S/N,JUNDIAPEBA,08751001,353060,2084236,-23.522736008053435,-46.196608543395996,(11) 4723-9922
HOSPITAL SAMARITANO DE SOROCABA,RUA RODRIGUES PACHECO,145,CENTRO,18035085,355220,2078732,-23.50203915,-47.45398198342474,15 32194464
HOSPITAL DA MULHER,AVENIDA IMPERADOR PEDRO II,216,NOVA PETROPOLIS,09770420,354870,2027356,-23.70255582087984,-46.54903377012417,(11)2363-3860
MASTER CLIN,RUA DR GALVAO GUIMARAES,72,SAO MATEUS,03970040,355030,3027813,-23.6154892,-46.4770053,11 2177-4444
HOSP MUN PIRITUBA JOSE SOARES HUNGRIA,AVENIDA MENOTTI LAUDISIO,100,PIRITUBA,02945000,355030,2077450,-23.485560,-46.708730,
HOSPITAL ESTADUAL DR ALBANO DA FRANCA ROCHA SOBRINHO,AVENIDA DOS COQUEIROS,300,CENTRO,07850901,351640,6878687,-23.339632799999997,-46.73062578442933,(11) 3336-8200
HOSPITAL UNIMED GUARULHOS UNIDADE II,EMILIO RIBAS,322,JARDIM TIJUCO,07020010,351880,7013981,-23.46301012983192,-46.53291463851929,11 24638014
HOSPITAL SAO FRANCISCO,PADRE DAMASO,100,CENTRO,06016010,353440,4193423,-23.536409129129233,-46.778154373168945,11 22846300
IOU INSTITUTO DE OTORRINOLARINGOLOGIA CABECA E PESCOCO,AV PREFEITO JOSE MAGALHAES TEIXEIRA,150,CIDADE UNIVERSITARIA,13083891,350950,4285514,-22.827151,-47.061401,32890394
UNIC DAY HOSPITAL,AVENIDA ANDROMEDA,900,GREEN VALLEY ALPHAVI,06473000,350570,4164814,-23.48448325,-46.86445935,(11) 2424-3535
HOSPITAL SILOE,RUA CORONEL ALFREDO FLAQUER,174,CENTRO,09020040,354780,4386167,-23.661859932513785,-46.52727127075195,1140405085
ASSOCIACAO HOSPITALAR SAO MIGUEL,RUA ABEL TAVARES,21,JARDIM BELEM,03810110,355030,4428560,-23.4862481,-46.4741743,(11) 2956-9022
HOSPITAL SAINT PATRICK PORTINARI,PRACA GENERAL GUIMARAES,77,VILA JAGUARA,05114110,355030,4223683,-23.5084516,-46.7511716,(11) 3473-0280
HOSPITAL SAO LUIZ CAMPINAS,AV ANDRADE NEVES,863,CENTRO,13013161,350950,4135059,-22.8951526,-47.0740805,(19) 3014-3000
HOSPITAL SAINT MATTHEWS,RUA BENEDITO AMERICO DE OLIVEIRA,328,VILA YARA,06028080,353440,4694317,-23.547621995102734,-46.764893531799316,11 36544220
HOSPITAL SAO LUIZ GUARULHOS,AV TIRADENTES,1803,JARDIM GUARULHOS,07090000,351880,4813308,-23.468619806456257,-46.53109073638916,(11) 3543-1010
HOSPITAL SAO LUIZ ALPHAVILLE,ALAMEDA ARAGUAIA,2550,ALPHAVILLE INDUSTRIA,06455000,350570,4873351,-23.499537637711317,-46.85952186584473,(11) 2142-4000
UNIMED DE SOROCABA COOPERATIVA DE TRABALHO MEDICO,SALVADOR CORREA,258,JARDIM VERGUEIRO,18030130,355220,4662962,-23.50906638566692,-47.4618923664093,(15) 3229 - 3867
ASSOCIACAO HOSPITALAR NOVO HORIZONTE,RUA CONSELHEIRO CRISPINIANO,40,REPUBLICA,01037000,355030,4884124,-23.5466454,-46.6401857,1134730280
HOSPITAL REGIONAL ROTA DOS BANDEIRANTES HRRB,AV ANIBAL CORREIA,1417,VOTUPOCA,06447010,350570,4943309,-23.542373056452156,-46.88055088141184,(11) 3066-8811
HOSPITAL VILA NOVA STAR II,R DR ALCEU DE CAMPOS RODRIGUES,95,VILA NOVA CONCEICAO,04544000,355030,4722337,-23.59068825,-46.6731421336799,(11) 3040-1455
HSM VERGUEIRO,VERGUEIRO,17,LIBERDADE,01504001,355030,4824482,-23.5622142,-46.638575,11 40859000
ASSOCIACAO HOSPITALAR PLATINUM,R GUAIPA,509,VILA LEOPOLDINA,05089001,355030,4915615,-23.521191564036737,-46.727119735097986,
HOSPITAL SANTA IGNES,PORTUGAL,400,VILA BRESSANI,13140502,353650,5764394,-22.774460243405365,-47.156710624694824,19 25135990
ASSOCIACAO HOSPITALAR ZENNIT,AVENIDA PRESIDENTE JUSCELINO KUBITSCHEK,1455,VILA NOVA CONCEICAO,04543011,355030,8081603,-23.5912733,-46.6831941,
HOSPITAL GRANJA JULIETA,AV ALFREDO EGIDIO DE SOUZA ARANHA,177,VILA CRUZEIRO,04726170,355030,5648483,-23.632850,-46.713180,
MATERNIDADE E HOSPITAL DONA LEILA CARAN COSTA,RUA FRANCISCO AFFONSO DE MELO,550,BRAZ CUBAS,08740310,353060,5686555,-23.54175011347603,-46.2214994430542,
HOSPITAL SAO JUDAS,AV FAGUNDES FILHO,475,VILA MONTE ALEGRE,04304010,355030,5648491,-23.6267200,-46.6368900,
CASA DE SAUDE HOSPITAL SAO LEOPOLDO MANDIC,RUA DUQUE DE CAXIAS,706,CENTRO,13015311,350950,8161402,-22.90833,-47.05467,(19) 35423211
